{"ANN_R2": 0.40395273778248464, "XGB_R2": 0.5492675116787153, "epochs": 200}